Workbook
Name Bid_usage_summary_with_vertical__short_: ATL!$A$2:$E$268

Sheet Sheet1
A1: FACILITY | B1: Total Price | C1: Total Price | D1: Labor Price | E1: EFF.DATE | F1: UPLOAD DATE | H1: TOTAL | I1: LABOR | J1: MATCH | K1: MATCH
A2: C1 | B2: 82608 | C2: 3.4608 | D2: 0 | E2: 46120 | F2: 46121 | H2: =VLOOKUP(B2,ATL!C:K,8,0) -> 3.4608 | I2: =VLOOKUP(B2,ATL!C:K,7,0) -> 0 | J2: =C2=H2 -> TRUE | K2: =D2=I2 -> TRUE
A3: C1 | B3: 82610 | C3: 3.1808 | D3: 0 | E3: 46120 | F3: 46121 | H3: =VLOOKUP(B3,ATL!C:K,8,0) -> 3.1808 | I3: =VLOOKUP(B3,ATL!C:K,7,0) -> 0 | J3: =C3=H3 -> TRUE | K3: =D3=I3 -> TRUE
A4: C1 | B4: 87833 | C4: 2.8896 | D4: 0 | E4: 46120 | F4: 46121 | H4: =VLOOKUP(B4,ATL!C:K,8,0) -> 2.8896 | I4: =VLOOKUP(B4,ATL!C:K,7,0) -> 0 | J4: =C4=H4 -> TRUE | K4: =D4=I4 -> TRUE
A5: C1 | B5: 87990 | C5: 4.4206485 | D5: 1.15 | E5: 46120 | F5: 46121 | H5: =VLOOKUP(B5,ATL!C:K,8,0) -> 4.4206485 | I5: =VLOOKUP(B5,ATL!C:K,7,0) -> 1.15 | J5: =C5=H5 -> TRUE | K5: =D5=I5 -> TRUE
A6: C1 | B6: 87991 | C6: 2.0126814 | D6: 0.69 | E6: 46120 | F6: 46121 | H6: =VLOOKUP(B6,ATL!C:K,8,0) -> 2.0126814 | I6: =VLOOKUP(B6,ATL!C:K,7,0) -> 0.69 | J6: =C6=H6 -> TRUE | K6: =D6=I6 -> TRUE
A7: C1 | B7: 87992 | C7: 2.0126814 | D7: 0.69 | E7: 46120 | F7: 46121 | H7: =VLOOKUP(B7,ATL!C:K,8,0) -> 2.0126814 | I7: =VLOOKUP(B7,ATL!C:K,7,0) -> 0.69 | J7: =C7=H7 -> TRUE | K7: =D7=I7 -> TRUE
A8: C1 | B8: 88303 | C8: 4.2791811 | D8: 1.15 | E8: 46120 | F8: 46121 | H8: =VLOOKUP(B8,ATL!C:K,8,0) -> 4.2791811 | I8: =VLOOKUP(B8,ATL!C:K,7,0) -> 1.15 | J8: =C8=H8 -> TRUE | K8: =D8=I8 -> TRUE
A9: C1 | B9: 89766 | C9: 4.6134483 | D9: 0.805 | E9: 46120 | F9: 46121 | H9: =VLOOKUP(B9,ATL!C:K,8,0) -> 4.6134483 | I9: =VLOOKUP(B9,ATL!C:K,7,0) -> 0.805 | J9: =C9=H9 -> TRUE | K9: =D9=I9 -> TRUE
A10: C1 | B10: 89773 | C10: 4.1142559 | D10: 1.38 | E10: 46120 | F10: 46121 | H10: =VLOOKUP(B10,ATL!C:K,8,0) -> 4.1142559 | I10: =VLOOKUP(B10,ATL!C:K,7,0) -> 1.38 | J10: =C10=H10 -> TRUE | K10: =D10=I10 -> TRUE
A11: C1 | B11: 89779 | C11: 4.6763594 | D11: 1.035 | E11: 46120 | F11: 46121 | H11: =VLOOKUP(B11,ATL!C:K,8,0) -> 4.6763594 | I11: =VLOOKUP(B11,ATL!C:K,7,0) -> 1.035 | J11: =C11=H11 -> TRUE | K11: =D11=I11 -> TRUE
A12: C1 | B12: 90009 | C12: 3.2961642 | D12: 1.38 | E12: 46120 | F12: 46121 | H12: =VLOOKUP(B12,ATL!C:K,8,0) -> 3.2961642 | I12: =VLOOKUP(B12,ATL!C:K,7,0) -> 1.38 | J12: =C12=H12 -> TRUE | K12: =D12=I12 -> TRUE
A13: C1 | B13: 90593 | C13: 5.8053184 | D13: 0 | E13: 46120 | F13: 46121 | H13: =VLOOKUP(B13,ATL!C:K,8,0) -> 5.8053184 | I13: =VLOOKUP(B13,ATL!C:K,7,0) -> 0 | J13: =C13=H13 -> TRUE | K13: =D13=I13 -> TRUE
... A280: C1 | B280: 78473 | C280: 34.9264 | D280: 1.08 | E280: 46120 | F280: 46121 | H280: =VLOOKUP(B280,ATL!C:K,8,0) -> 34.9264 | I280: =VLOOKUP(B280,ATL!C:K,7,0) -> 1.08 | J280: =C280=H280 -> TRUE | K280: =D280=I280 -> TRUE
A282: C9 | B282: 66575 | C282: 0.7752 | D282: 0 | E282: 46120 | F282: 46121 | H282: =VLOOKUP(B282,ATL!C:K,8,0) -> 0.8904 | I282: =VLOOKUP(B282,ATL!C:K,7,0) -> 0.138 | J282: =C282=H282 -> FALSE | K282: =D282=I282 -> FALSE | L282: SAME CODE DIFFERENT FACILITY, NO LABOR
A283: C9 | B283: 955 | C283: 2.4474 | D283: 0.27 | E283: 46120 | F283: 46121 | H283: =VLOOKUP(B283,ATL!C:K,8,0) -> 2.4474 | I283: =VLOOKUP(B283,ATL!C:K,7,0) -> 0.27 | J283: =C283=H283 -> TRUE | K283: =D283=I283 -> TRUE
A284: C9 | B284: 77752 | C284: 78.705 | D284: 78.705 | E284: 46120 | F284: 46121 | H284: =VLOOKUP(B284,ATL!C:K,8,0) -> 78.705 | I284: =VLOOKUP(B284,ATL!C:K,7,0) -> 78.705 | J284: =C284=H284 -> TRUE | K284: =D284=I284 -> TRUE
A285: C9 | B285: 77754 | C285: 78.705 | D285: 78.705 | E285: 46120 | F285: 46121 | H285: =VLOOKUP(B285,ATL!C:K,8,0) -> 78.705 | I285: =VLOOKUP(B285,ATL!C:K,7,0) -> 78.705 | J285: =C285=H285 -> TRUE | K285: =D285=I285 -> TRUE

Sheet ATL
A1: ATL MAINLINE - USAGE APRIL 2024 - MARCH 2025
A2: Vertical | B2: Vertical Name | C2: Spec Number | D2: Spec Description | E2: Annual Usage | F2: Comments | G2: Product Price | H2: Product Mark Up | I2: Labor Price | J2: Total Price | K2: Annual Total Cost
A3: 1A | B3: FOOD PRODUCT AND PREP | C3: 82608 | D3: ENT, CC/WC, PP, SWISS AND ROASTED TOMATO OMELET W/ HOLLANDAISE, SEASONED POTATOES AND ITALIAN CHICKEN SAUSAGE, CY2/4, EGGS | E3: 1467 | G3: 3.09 | H3: 0.3708 | I3: 0 | J3: =G3+H3+I3 -> 3.4608 | K3: =J3*E3 -> 5076.9936
A4: 1A | B4: FOOD PRODUCT AND PREP | C4: 82610 | D4: ENT, CC, PP, EGG AND FIRE ROASTED CORN ENCHILADA W/ SRIRACHA PINEAPPLE CHICKEN SAUSAGE AND BLACK BEANS, CY2, EGGS | E4: 1713 | G4: 2.84 | H4: 0.3408 | I4: 0 | J4: =G4+H4+I4 -> 3.1808 | K4: =J4*E4 -> 5448.7104
A5: 1A | B5: FOOD PRODUCT AND PREP | C5: 87833 | D5: ENT, WC/CC, PP, THREE CHEESE AU GRATIN OMELET, VEGETARIAN, EGGS | E5: 1687 | G5: 2.58 | H5: 0.3096 | I5: 0 | J5: =G5+H5+I5 -> 2.8896 | K5: =J5*E5 -> 4874.7552
A6: 1A | B6: FOOD PRODUCT AND PREP | C6: 87990 | D6: ENT, FC/CC, PP, CHARCUTERIE PLATE, BREAKFAST, LARGE BOWL, PORK | E6: 553 | G6: 2.9550596 | H6: 0.31558889 | I6: 1.15 | J6: =G6+H6+I6 -> 4.4206485 | K6: =J6*E6 -> 2444.6186
A7: 1A | B7: FOOD PRODUCT AND PREP | C7: 87991 | D7: ENT, FC/CC, PP, FRESH FRUIT PLATE, CANTALOUPE, PINEAPPLE, HONEY DEW, BLUEBERRIES, STRAWBERRIES, LARGE BOWL, I, FRUT | E7: 609 | G7: 1.1950542 | H7: 0.12762715 | I7: 0.69 | J7: =G7+H7+I7 -> 2.0126814 | K7: =J7*E7 -> 1225.723
A8: 1A | B8: FOOD PRODUCT AND PREP | C8: 87992 | D8: ENT, FC/CC, PP, FRESH FRUIT PLATE, CANTALOUPE, PINEAPPLE, HONEY DEW, BLUEBERRIES, STRAWBERRIES, LARGE BOWL, II, FRUT | E8: 498 | G8: 1.1950542 | H8: 0.12762715 | I8: 0.69 | J8: =G8+H8+I8 -> 2.0126814 | K8: =J8*E8 -> 1002.3153
A9: 1A | B9: FOOD PRODUCT AND PREP | C9: 88303 | D9: ENT, FC/CC, FRUIT AND CHEESE, DOM, CHES | E9: 0 | G9: 2.8272426 | H9: 0.30193853 | I9: 1.15 | J9: =G9+H9+I9 -> 4.2791811 | K9: =J9*E9 -> 0
A10: 1A | B10: FOOD PRODUCT AND PREP | C10: 89766 | D10: ENT, CC, EGGS, ASPARAGUS, LEEK AND MUSHROOM FRITTATA, HONEY ROASTED SWEET POTATOES, TOMATOES, IN CASSEROLE, ALTF | E10: 1518 | G10: 3.4409664 | H10: 0.36748185 | I10: 0.805 | J10: =G10+H10+I10 -> 4.6134483 | K10: =J10*E10 -> 7003.2145
A11: 1A | B11: FOOD PRODUCT AND PREP | C11: 89773 | D11: ENT, FC/CC, PP, COLD PLATE, VEGETABLES AND GRAINS, IN LARGE BOWL, FALL/WINTER, PRE-ORDER ONLY, ALTG | E11: 0 | G11: 2.4704242 | H11: 0.26383171 | I11: 1.38 | J11: =G11+H11+I11 -> 4.1142559 | K11: =J11*E11 -> 0
A12: 1A | B12: FOOD PRODUCT AND PREP | C12: 89779 | D12: ENT, FC/CC, PP, GOLDEN ROASTED CHICKEN, TOMATO CHUTNEY, YUKON SMASHED POTATOES, HARICOT VERT, LEMON, IN CASSEROLE, PRE-ORDER ONLY, ALTE | E12: 0 | G12: 3.2900002 | H12: 0.35135924 | I12: 1.035 | J12: =G12+H12+I12 -> 4.6763594 | K12: =J12*E12 -> 0
A13: 1A | B13: FOOD PRODUCT AND PREP | C13: 90009 | D13: ENT, FC/CC, PP/BP, COLD PLATE, VEGETABLES AND GRAINS, LARGE BOWL, SPRING/SUMMER, ALTG | E13: 0 | G13: 1.7312712 | H13: 0.18489304 | I13: 1.38 | J13: =G13+H13+I13 -> 3.2961642 | K13: =J13*E13 -> 0
A14: 1A | B14: FOOD PRODUCT AND PREP | C14: 90593 | D14: ENT, FC/CC, CHICKEN BREAST, SHAWARMA SEASONED, TUMERIC RICE, LABNEH, IN CASSEROLE, CHCK | E14: 2198 | G14: 5.18332 | H14: 0.6219984 | I14: 0 | J14: =G14+H14+I14 -> 5.8053184 | K14: =J14*E14 -> 12760.09
... A26: 1A | B26: FOOD PRODUCT AND PREP | C26: 91891 | D26: ENT, CC, PP, EGGS, SPINACH, RED PEPPERS AND CHEESE FRITTATA W WHITE CHEDDAR SAUCE, EVERYTHING SEASONED WEDGE POTATOES, ROASTED TOMATOES, IN CASSEROLE, EGGS | E26: 560 | G26: 3.333 | H26: 0.39996 | I26: 0 | J26: =G26+H26+I26 -> 3.73296 | K26: =J26*E26 -> 2090.4576
A27: 1A | B27: FOOD PRODUCT AND PREP | C27: 50808 | D27: ENT, FRUIT AND CHEESE PLATE, FD4SALE, POFC | E27: 9526 | F27: labor paid 72011 | G27: 2.5815589 | H27: 0.27570047 | J27: =G27+H27+I27 -> 2.8572594 | K27: =J27*E27 -> 27218.253
A28: 1A | B28: FOOD PRODUCT AND PREP | C28: 89910 | D28: FFS SNACKS, YC, STANDARD SNACK DRAWER, SHELF STABLE, II | E28: 615 | F28: LABOR PAID IN 83710/PRODUCT IS AA | G28: 0
A29: 1A | B29: FOOD PRODUCT AND PREP | C29: 87987 | D29: TSU, CC, DOM, BRK, HOT, EGGS, MH | E29: 6339 | F29: LABOR PAID IN TSC | G29: 0.0206 | H29: 0.0022 | J29: =G29+H29+I29 -> 0.0228 | K29: =J29*E29 -> 144.5292
A30: 1A | B30: FOOD PRODUCT AND PREP | C30: 87988 | D30: TSU, CC, DOM, BRK, COLD PLATE, PROTEIN, MH | E30: 543 | F30: LABOR PAID IN TSC | G30: 0.0206 | H30: 0.0022 | J30: =G30+H30+I30 -> 0.0228 | K30: =J30*E30 -> 12.3804
A31: 1A | B31: FOOD PRODUCT AND PREP | C31: 87989 | D31: TSU, CC, DOM, BRK, COLD PLATE, FRUIT, MH/LH | E31: 1045 | F31: LABOR PAID IN TSC | G31: 0.0206 | H31: 0.0022 | J31: =G31+H31+I31 -> 0.0228 | K31: =J31*E31 -> 23.826
A32: 1A | B32: FOOD PRODUCT AND PREP | C32: 88002 | D32: TSU, CC, DOM, BRK, COLD PLATE, SMOKED SALMON AND BAGEL, MH | E32: 734 | F32: LABOR PAID IN TSC | G32: 0.0206 | H32: 0.0022 | J32: =G32+H32+I32 -> 0.0228 | K32: =J32*E32 -> 16.7352
A33: 1A | B33: FOOD PRODUCT AND PREP | C33: 88007 | D33: TSU, CC, DOM, L/D, W/PROTEIN APP, MH | E33: 8600 | F33: LABOR PAID IN TSC | G33: 0.0206 | H33: 0.0022 | J33: =G33+H33+I33 -> 0.0228 | K33: =J33*E33 -> 196.08
A34: 1A | B34: FOOD PRODUCT AND PREP | C34: 88008 | D34: TSU, CC, DOM, L/D, W/VEGETARIAN APP, MH | E34: 3498 | F34: LABOR PAID IN TSC | G34: 0.0206 | H34: 0.0022 | J34: =G34+H34+I34 -> 0.0228 | K34: =J34*E34 -> 79.7544
A35: 1A | B35: FOOD PRODUCT AND PREP | C35: 88273 | D35: TSU, FC/CC, DOM SH BRK, VEG, CY 1/3 | E35: 49 | F35: LABOR PAID IN TSC | G35: 0.0206 | H35: 0.0022 | J35: =G35+H35+I35 -> 0.0228 | K35: =J35*E35 -> 1.1172
A36: 1A | B36: FOOD PRODUCT AND PREP | C36: 88274 | D36: TSU, FC/CC, PROTEIN BRK, DOM SH, CY1 | E36: 20 | F36: LABOR PAID IN TSC | G36: 0.0206 | H36: 0.0022 | J36: =G36+H36+I36 -> 0.0228 | K36: =J36*E36 -> 0.456
A37: 1A | B37: FOOD PRODUCT AND PREP | C37: 88275 | D37: TSU, FC/CC, PROTEIN BRK, DOM SH, CY4 | E37: 6 | F37: LABOR PAID IN TSC | G37: 0.0206 | H37: 0.0022 | J37: =G37+H37+I37 -> 0.0228 | K37: =J37*E37 -> 0.1368
A38: 1A | B38: FOOD PRODUCT AND PREP | C38: 88276 | D38: TSU, FC/CC, CONTINENTAL FRUIT BRK, DOM SH, CY 2/4 | E38: 62 | F38: LABOR PAID IN TSC | G38: 0.0206 | H38: 0.0022 | J38: =G38+H38+I38 -> 0.0228 | K38: =J38*E38 -> 1.4136
A39: 1A | B39: FOOD PRODUCT AND PREP | C39: 88807 | D39: TSU, XX, LUN/DIN, LH, W/APP & SAL IN SM BOWLS | E39: 1230 | F39: LABOR PAID IN TSC | G39: 0.0206 | H39: 0.0022 | J39: =G39+H39+I39 -> 0.0228 | K39: =J39*E39 -> 28.044
A40: 1A | B40: FOOD PRODUCT AND PREP | C40: 88808 | D40: TSU, XX, LUN/DIN, LH, W/VEGETARIAN APP & SAL IN SM BOWLS | E40: 438 | F40: LABOR PAID IN TSC | G40: 0.0206 | H40: 0.0022 | J40: =G40+H40+I40 -> 0.0228 | K40: =J40*E40 -> 9.9864
... A45: 1A | B45: FOOD PRODUCT AND PREP | C45: 89962 | D45: TSU, FC/CC, PROTEIN BRK, DOM SH, CY3 | E45: 78 | F45: LABOR PAID IN TSC | G45: 0.0206 | H45: 0.0022 | J45: =G45+H45+I45 -> 0.0228 | K45: =J45*E45 -> 1.7784
A46: 1A | B46: FOOD PRODUCT AND PREP | C46: 17817 | D46: MISC, FC/CC, BP, BUTTER, GRASSLAND, 1 EA, UP TO 16 IN A BAG | E46: 9842 | G46: 0.097755 | H46: 0.0117306 | I46: 0 | J46: =G46+H46+I46 -> 0.1094856 | K46: =J46*E46 -> 1077.5573
A47: 1A | B47: FOOD PRODUCT AND PREP | C47: 32727 | D47: GARN, GARNISH, LIQ/BEV, 5 LEMON / 5 LIME IN PLASTIC CUP AND LID | E47: 6756 | G47: 0.32774951 | H47: 0.035002375 | I47: 0.46 | J47: =G47+H47+I47 -> 0.82275189 | K47: =J47*E47 -> 5558.5117
A48: 1A | B48: FOOD PRODUCT AND PREP | C48: 39289 | D48: MISC, FC/CC, BP, PRESERVES, STRAWBERRY, BONNE MAMAN, 0.5 OZ STICK, 20030, UP TO 16 EA IN A BAG | E48: 5694 | G48: 0.1491 | H48: 0.017892 | I48: 0 | J48: =G48+H48+I48 -> 0.166992 | K48: =J48*E48 -> 950.85245
A49: 1A | B49: FOOD PRODUCT AND PREP | C49: 39505 | D49: MISC, CONDIMENT, BP, HONEY, STICK, .5 OZ, PC, UP TO 16 EA IN A BAG | E49: 3796 | G49: 0.2856 | H49: 0.034272 | I49: 0 | J49: =G49+H49+I49 -> 0.319872 | K49: =J49*E49 -> 1214.2341
A50: 1A | B50: FOOD PRODUCT AND PREP | C50: 459 | D50: MISC, MIXED NUTS, BP | E50: 1801 | G50: 5.88 | H50: 0.7056 | I50: 0 | J50: =G50+H50+I50 -> 6.5856 | K50: =J50*E50 -> 11860.666
A51: 1A | B51: FOOD PRODUCT AND PREP | C51: 48561 | D51: GARN, FC, BP, CHEESE, COTIJA, CRUMBLED | E51: 2360 | G51: 0.37617391 | H51: 0.040173913 | I51: 0.115 | J51: =G51+H51+I51 -> 0.53134783 | K51: =J51*E51 -> 1253.9809
A52: 1A | B52: FOOD PRODUCT AND PREP | C52: 49964 | D52: MILK, 2% ASEPTIC, 8 FLOZ, BULK | E52: 9068 | F52: AA PRODUCT/;ABOR PAID IN DRAWER PK | G52: 0 | H52: 0 | I52: 0 | J52: =G52+H52+I52 -> 0 | K52: =J52*E52 -> 0
A53: 1A | B53: FOOD PRODUCT AND PREP | C53: 58117 | D53: BRD, FC/CC, BP, BISCUIT, SOUTHERN STYLE, WARM ON BOARD, 1 EA, UP TO 6 EA IN A BAG | E53: 3796 | G53: 0.30865625 | H53: 0.03703875 | I53: 0 | J53: =G53+H53+I53 -> 0.345695 | K53: =J53*E53 -> 1312.2582
A54: 1A | B54: FOOD PRODUCT AND PREP | C54: 58738 | D54: MISC, YC, BP, PRETZEL, MINI, KING NUT, .75OZ, BAG OF 25 EA, SNACKS | E54: 2460 | F54: AA PRODUCT/;ABOR PAID IN DRAWER PK | G54: 0 | H54: 0 | I54: 0 | J54: =G54+H54+I54 -> 0 | K54: =J54*E54 -> 0
A55: 1A | B55: FOOD PRODUCT AND PREP | C55: 58848 | D55: GARN, PP/BP, GARNISH, PARSLEY, CHOPPED, IN SOLO CUP | E55: 2500 | G55: 0.22890843 | H55: 0.024446531 | I55: 0.345 | J55: =G55+H55+I55 -> 0.59835496 | K55: =J55*E55 -> 1495.8874
A56: 1A | B56: FOOD PRODUCT AND PREP | C56: 67271 | D56: BRD, FC/CC, BP, BAGELS, PLAIN, 1 EA, 3 OZ/84 G, FOR BAGEL ENTREE, UP TO 8 IN A BAG | E56: 1202 | G56: 0.46395 | H56: 0.055674 | I56: 0 | J56: =G56+H56+I56 -> 0.519624 | K56: =J56*E56 -> 624.58805
A57: 1A | B57: FOOD PRODUCT AND PREP | C57: 68353 | D57: BRD, CINNAMON ROLLS, BP, 1.5 OZ, 1 EA, UP TO 6 IN A BAG | E57: 3593 | G57: 0.88371458 | H57: 0.10604575 | I57: 0 | J57: =G57+H57+I57 -> 0.98976033 | K57: =J57*E57 -> 3556.2089
A58: 1A | B58: FOOD PRODUCT AND PREP | C58: 68370 | D58: BRD, BP, CROISSANTS, 1.5 OZ, UPSCALE, 1 EA, UP TO 6 PER BAG | E58: 3593 | G58: 0.24925 | H58: 0.02991 | I58: 0 | J58: =G58+H58+I58 -> 0.27916 | K58: =J58*E58 -> 1003.0219
A59: 1A | B59: FOOD PRODUCT AND PREP | C59: 74862 | D59: MISC, PHILADELPHIA, CREAM CHEESE, .75 OZ CUP, 1 EA | E59: 773 | G59: 0.4504 | H59: 0.054048 | I59: 0 | J59: =G59+H59+I59 -> 0.504448 | K59: =J59*E59 -> 389.9383
A60: 1A | B60: FOOD PRODUCT AND PREP | C60: 75240 | D60: MISC, YOGURT, GREEK VANILLA, SQUAT CUP, 4 OZ, CHOBANI, IN SM BOWL | E60: 62 | G60: 0.4 | H60: 0.048 | I60: 0 | J60: =G60+H60+I60 -> 0.448 | K60: =J60*E60 -> 27.776
A61: 1A | B61: FOOD PRODUCT AND PREP | C61: 75245 | D61: MISC, CRACKERS, OLIVE OIL AND SEA SALT FLAT BREAD, .7 OZ/20 GR, IND PKG | E61: 958 | G61: 0.26 | H61: 0.0312 | I61: 0 | J61: =G61+H61+I61 -> 0.2912 | K61: =J61*E61 -> 278.9696
A62: 1A | B62: FOOD PRODUCT AND PREP | C62: 75247 | D62: DES, CANDY, GHIRARDELLI, 60 % INTENSE DARK CHOCOLATE, SQUARE | E62: 0 | G62: 0.2415 | H62: 0.02898 | I62: 0 | J62: =G62+H62+I62 -> 0.27048 | K62: =J62*E62 -> 0
A63: 1A | B63: FOOD PRODUCT AND PREP | C63: 77494 | D63: MISC, BUTTER, GRASSLAND, FOIL WRAPPED, 1 EA | E63: 16385 | G63: 0.097755 | H63: 0.0117306 | I63: 0 | J63: =G63+H63+I63 -> 0.1094856 | K63: =J63*E63 -> 1793.9216
A64: 1A | B64: FOOD PRODUCT AND PREP | C64: 77988 | D64: SNACKS, FC/CC, SNACK BASKET, AM, SHELF STABLE | E64: 101 | F64: AA PRODUCT/;ABOR PAID IN DRAWER PK | G64: 0 | H64: 0 | I64: 0 | J64: =G64+H64+I64 -> 0 | K64: =J64*E64 -> 0
A65: 1A | B65: FOOD PRODUCT AND PREP | C65: 79011 | D65: MISC, FC/CC, PP/BP, FRUIT & CHEESE, SM BOWL, CY1 | E65: 1099 | G65: 0.83260239 | H65: 0.088918701 | I65: 0.345 | J65: =G65+H65+I65 -> 1.2665211 | K65: =J65*E65 -> 1391.9067
A66: 1A | B66: FOOD PRODUCT AND PREP | C66: 79013 | D66: MISC, FC/CC, PP/BP, FRUIT & CHEESE, SM BOWL, CY2 | E66: 1071 | G66: 0.85237105 | H66: 0.091029918 | I66: 0.345 | J66: =G66+H66+I66 -> 1.288401 | K66: =J66*E66 -> 1379.8774
A67: 1A | B67: FOOD PRODUCT AND PREP | C67: 79015 | D67: MISC, FC/CC, PP/BP, FRUIT & CHEESE, SM BOWL, CY3 | E67: 1091 | G67: 0.77466489 | H67: 0.082731201 | I67: 0.345 | J67: =G67+H67+I67 -> 1.2023961 | K67: =J67*E67 -> 1311.8141
A68: 1A | B68: FOOD PRODUCT AND PREP | C68: 79017 | D68: MISC, FC/CC, PP/BP, FRUIT & CHEESE, SM BOWL, CY4 | E68: 992 | G68: 0.79958355 | H68: 0.085392418 | I68: 0.345 | J68: =G68+H68+I68 -> 1.229976 | K68: =J68*E68 -> 1220.1362
A69: 1A | B69: FOOD PRODUCT AND PREP | C69: 80787 | D69: MISC, BP, SALMON, GRILLED, FOR GRAINS BOWL, EA | E69: 0 | G69: 3.9332 | H69: 0.471984 | I69: 0.23 | J69: =G69+H69+I69 -> 4.635184 | K69: =J69*E69 -> 0
A70: 1A | B70: FOOD PRODUCT AND PREP | C70: 80944 | D70: MISC, BUTTER, GRASSLAND, FOIL WRAPPED, 1 EA, II | E70: 6320 | G70: 0.097755 | H70: 0.0117306 | I70: 0 | J70: =G70+H70+I70 -> 0.1094856 | K70: =J70*E70 -> 691.94899
A71: 1A | B71: FOOD PRODUCT AND PREP | C71: 82095 | D71: DES, DES, CANDY, GHIRARDELLI, 60 % INTENSE DARK CHOCOLATE, SQUARE II | E71: 0 | G71: 0.2415 | H71: 0.02898 | I71: 0 | J71: =G71+H71+I71 -> 0.27048 | K71: =J71*E71 -> 0
A72: 1A | B72: FOOD PRODUCT AND PREP | C72: 82771 | D72: MISC, BUTTER, GRASSLAND, FOIL WRAPPED, 1 EA, III | E72: 0 | G72: 0.097755 | H72: 0.0117306 | I72: 0 | J72: =G72+H72+I72 -> 0.1094856 | K72: =J72*E72 -> 0
A73: 1A | B73: FOOD PRODUCT AND PREP | C73: 83559 | D73: BRD, FC/CC, BREAD ROLLS, BP, KING'S ROLL, CAMPO ROLL, MULTIGRAIN OVAL, ROLLS, PREBAGGED, 6/BAG | E73: 2452 | G73: 1.753575 | H73: 0.210429 | I73: 0 | J73: =G73+H73+I73 -> 1.964004 | K73: =J73*E73 -> 4815.7378
A74: 1A | B74: FOOD PRODUCT AND PREP | C74: 87237 | D74: MISC, SNACK, WHOLE WHEAT FIG BAR, 1 OZ, IND PKG, NATURE'S BAKERY | E74: 16 | G74: 0.315 | H74: 0.0378 | I74: 0 | J74: =G74+H74+I74 -> 0.3528 | K74: =J74*E74 -> 5.6448
A75: 1A | B75: FOOD PRODUCT AND PREP | C75: 87304 | D75: MISC, GRANOLA, VANILLA, 1 OZ, IND PKG, RED PLATE FOODS | E75: 62 | G75: 0.33750938 | H75: 0.040501125 | I75: 0 | J75: =G75+H75+I75 -> 0.3780105 | K75: =J75*E75 -> 23.436651
A76: 1A | B76: FOOD PRODUCT AND PREP | C76: 87461 | D76: MISC, BAGEL, PLAIN, MINI, PRESLICED, IW, 2 0Z | E76: 39 | G76: 0.474775 | H76: 0.056973 | I76: 0 | J76: =G76+H76+I76 -> 0.531748 | K76: =J76*E76 -> 20.738172
A77: 1A | B77: FOOD PRODUCT AND PREP | C77: 87482 | D77: MISC, FC, BP, GRANOLA COOKIE BAKES, BLUEBERRY POMEGRANATE, 1OZ, COOPER STREET, IND PKG, SHELF STABLE, SNACKS | E77: 550 | F77: AA PRODUCT/;ABOR PAID IN DRAWER PK | G77: 0 | H77: 0 | I77: 0 | J77: =G77+H77+I77 -> 0 | K77: =J77*E77 -> 0
A78: 1A | B78: FOOD PRODUCT AND PREP | C78: 87995 | D78: APP, CC, CANTALOUPE, HONEYDEW, PINEAPPLE, BLUEBERRIES, STRAWBERRIES, CY1, APPETIZER | E78: 20 | G78: 1.81692 | H78: 0.19404 | I78: 0.69 | J78: =G78+H78+I78 -> 2.70096 | K78: =J78*E78 -> 54.0192
A79: 1A | B79: FOOD PRODUCT AND PREP | C79: 87996 | D79: APP, CC, CANTALOUPE, HONEYDEW, PINEAPPLE, BLUEBERRIES, STRAWBERRIES, CY3, APPETIZER | E79: 78 | G79: 1.81692 | H79: 0.19404 | I79: 0.69 | J79: =G79+H79+I79 -> 2.70096 | K79: =J79*E79 -> 210.67488
A80: 1A | B80: FOOD PRODUCT AND PREP | C80: 87997 | D80: APP, CC, ORANGES, HONEYDEW, PINEAPPLE, BLUEBERRIES, STRAWBERRIES, CY2, APPETIZER | E80: 118 | G80: 1.57899 | H80: 0.16863 | I80: 0.69 | J80: =G80+H80+I80 -> 2.43762 | K80: =J80*E80 -> 287.63916
A81: 1A | B81: FOOD PRODUCT AND PREP | C81: 87998 | D81: APP, CC, ORANGES, HONEYDEW, PINEAPPLE, BLUEBERRIES, STRAWBERRIES, CY4, APPETIZER | E81: 6 | G81: 1.57899 | H81: 0.16863 | I81: 0.69 | J81: =G81+H81+I81 -> 2.43762 | K81: =J81*E81 -> 14.62572
A82: 1A | B82: FOOD PRODUCT AND PREP | C82: 87999 | D82: APP, CC, CANTALOUPE, HONEYDEW, PINEAPPLE, BLUEBERRIES, STRAWBERRIES, CY1, II, APPETIZER | E82: 10 | G82: 1.81692 | H82: 0.19404 | I82: 0.69 | J82: =G82+H82+I82 -> 2.70096 | K82: =J82*E82 -> 27.0096
A83: 1A | B83: FOOD PRODUCT AND PREP | C83: 88000 | D83: APP, CC, CANTALOUPE, HONEYDEW, PINEAPPLE, BLUEBERRIES, STRAWBERRIES, CY3, II, APPETIZER | E83: 39 | G83: 1.81692 | H83: 0.19404 | I83: 0.69 | J83: =G83+H83+I83 -> 2.70096 | K83: =J83*E83 -> 105.33744
A84: 1A | B84: FOOD PRODUCT AND PREP | C84: 88005 | D84: MISC, FC, BP, CRACKERS, OLIVE OIL AND SEA SALT FLAT BREAD, RUSTIC BAKERY , FOR FRUIT/CHEESE BOWL AND BAR SVC | E84: 4253 | G84: 0.26 | H84: 0.0312 | I84: 0 | J84: =G84+H84+I84 -> 0.2912 | K84: =J84*E84 -> 1238.4736
A85: 1A | B85: FOOD PRODUCT AND PREP | C85: 88269 | D85: DES, FC, BP, SORBET, RASPBERRY, IND CUP, 3.6 OZ | E85: 4737 | G85: 1.597839 | H85: 0.170643 | I85: 0 | J85: =G85+H85+I85 -> 1.768482 | K85: =J85*E85 -> 8377.2992
A86: 1A | B86: FOOD PRODUCT AND PREP | C86: 88270 | D86: DES, FC, BP, SORBET, MANGO, IND CUP, 3.6 OZ | E86: 270 | G86: 1.597839 | H86: 0.170643 | I86: 0 | J86: =G86+H86+I86 -> 1.768482 | K86: =J86*E86 -> 477.49014
A87: 1A | B87: FOOD PRODUCT AND PREP | C87: 88271 | D87: DES, FC, BP, ICE CREAM, DULCE DE LECHE, IND CUP, 3.6 OZ | E87: 2449 | G87: 1.7088617 | H87: 0.18249979 | I87: 0 | J87: =G87+H87+I87 -> 1.8913615 | K87: =J87*E87 -> 4631.9442
A88: 1A | B88: FOOD PRODUCT AND PREP | C88: 88272 | D88: DES, FC, BP, ICE CREAM, VANILLA CHOCOLATE CHIP, IND CUP, 3.6 OZ | E88: 2272 | G88: 1.7088617 | H88: 0.18249979 | I88: 0 | J88: =G88+H88+I88 -> 1.8913615 | K88: =J88*E88 -> 4297.1732
A89: 1A | B89: FOOD PRODUCT AND PREP | C89: 88284 | D89: BRD, FC/CC, PP, BREADS, LOAF BREAD, LEMON BERRY CHIA, PREWRAPPED | E89: 3 | G89: 0.9625 | H89: 0.1155 | I89: 0 | J89: =G89+H89+I89 -> 1.078 | K89: =J89*E89 -> 3.234
... A135: 1A | B135: FOOD PRODUCT AND PREP | C135: 91802 | D135: APP, FC/CC, APPETIZER, ANTIPASTO, VEGETARIAN, BO700 | E135: 88 | G135: 1.2999475 | H135: 0.13882934 | I135: 1.265 | J135: =G135+H135+I135 -> 2.7037768 | K135: =J135*E135 -> 237.93236
A136: 1B | B136: OTHER PRODUCT | C136: 34732 | D136: BEV, DOM/INT'L, BEVERAGE DRAWER, (AM/PM) | E136: 11560 | F136: AA PRODUCT/;ABOR PAID IN DRAWER PK
A137: 1B | B137: OTHER PRODUCT | C137: 60165 | D137: BEV DR, JUICE/MIXERS, AM/PM, FC/CC/YC BEVERAGE DRAWER | E137: 8092 | F137: AA PRODUCT/;ABOR PAID IN DRAWER PK
A138: 1B | B138: OTHER PRODUCT | C138: 39725 | D138: BEV, ORANGE JUICE TETRA BRIK, QT/LTR, 1EA | E138: 11560 | F138: AA PRODUCT/;ABOR PAID IN DRAWER PK
A139: 1B | B139: OTHER PRODUCT | C139: 39726 | D139: BEV, APPLE JUICE, TETRA BRIK, QT/LTR, 1 EA | E139: 9248 | F139: AA PRODUCT/;ABOR PAID IN DRAWER PK
A140: 1B | B140: OTHER PRODUCT | C140: 41730 | D140: BEV, WATER, 33.81 OZ/1.0 L, 1 EA | E140: 47396 | F140: AA PRODUCT/;ABOR PAID IN DRAWER PK
A141: 1B | B141: OTHER PRODUCT | C141: 41731 | D141: BEV, WATER, COCKPIT, 1.057 QT/1 L | E141: 4624 | F141: AA PRODUCT/;ABOR PAID IN DRAWER PK
A142: 1B | B142: OTHER PRODUCT | C142: 63707 | D142: MISC, BEV ACCOMPANIMENT, BISCOFF, 2 PACK, 18 PACK SLEEVE, COOKIE | E142: 9100 | F142: AA PRODUCT/;ABOR PAID IN DRAWER PK
A143: 1B | B143: OTHER PRODUCT | C143: 75205 | D143: BEV, SPECIALTY DRAWER, 12 CAN DRAWER | E143: 2312 | F143: AA PRODUCT/;ABOR PAID IN DRAWER PK
A144: 1B | B144: OTHER PRODUCT | C144: 2334 | D144: ICE, DRY, FOR CARTS, 2 LB/0.908 KG | E144: 1039 | G144: 0.9888 | H144: 0.1056 | I144: 0.138 | J144: =G144+H144+I144 -> 1.2324 | K144: =J144*E144 -> 1280.4636
A145: 1B | B145: OTHER PRODUCT | C145: 454 | D145: ICE, FC, DRY, FOR FROZEN DESSERT, 1 LB/0.454 KG | E145: 6661 | G145: 0.4944 | H145: 0.0528 | I145: 0.092 | J145: =G145+H145+I145 -> 0.6392 | K145: =J145*E145 -> 4257.7112
A146: 1B | B146: OTHER PRODUCT | C146: 66575 | D146: ICE, WET, FOR BEER TUBS, 5 LB BAG | E146: 2 | G146: 0.6798 | H146: 0.0726 | I146: 0.138 | J146: =G146+H146+I146 -> 0.8904 | K146: =J146*E146 -> 1.7808
A147: 1B | B147: OTHER PRODUCT | C147: 86780 | D147: ICE, WET, IN DRAWER, 5 LB | E147: 3468 | G147: 0.6798 | H147: 0.0726 | I147: 0.138 | J147: =G147+H147+I147 -> 0.8904 | K147: =J147*E147 -> 3087.9072
A148: 1B | B148: OTHER PRODUCT | C148: 955 | D148: ICE, WET/DRY, 10 LB | E148: 6936 | G148: 1.9673 | H148: 0.2101 | I148: 0.27 | J148: =G148+H148+I148 -> 2.4474 | K148: =J148*E148 -> 16975.166
A149: 2A/3A/4A | B149: PRODUCT RECEIVING | C149: 71842 | D149: RCV, CC, DOM, Receiving Charge | E149: 1156 | I149: 13.8 | J149: =G149+H149+I149 -> 13.8 | K149: =J149*E149 -> 15952.8
A150: 2A/3A/4A | B150: PRODUCT RECEIVING | C150: 71843 | D150: RCV, YC, DOM, Receiving Charge | E150: 1156 | I150: 13.8 | J150: =G150+H150+I150 -> 13.8 | K150: =J150*E150 -> 15952.8
A151: 2B | B151: PLATING & PORTIONING | C151: 71930 | D151: PLT, APP, PP, DOMCC/INTLWC | E151: 21058 | I151: 0.92 | J151: =G151+H151+I151 -> 0.92 | K151: =J151*E151 -> 19373.36
A152: 2B | B152: PLATING & PORTIONING | C152: 71938 | D152: PLT, SAL, PP, DOMCC/INTLWC | E152: 1230 | I152: 0.92 | J152: =G152+H152+I152 -> 0.92 | K152: =J152*E152 -> 1131.6
A153: 2B | B153: PLATING & PORTIONING | C153: 71942 | D153: PLT, ENT, PP, DOMCC/INTLWC | E153: 20858 | I153: 1.15 | J153: =G153+H153+I153 -> 1.15 | K153: =J153*E153 -> 23986.7
A154: 2B | B154: PLATING & PORTIONING | C154: 71946 | D154: PLT, ENT, BP, DOMCC/INTLWC | E154: 1180 | I154: 1.15 | J154: =G154+H154+I154 -> 1.15 | K154: =J154*E154 -> 1357
A155: 2B | B155: PLATING & PORTIONING | C155: 71954 | D155: PLT, DES, PP, DOMCC/INTLWC | E155: 4868 | I155: 0.69 | J155: =G155+H155+I155 -> 0.69 | K155: =J155*E155 -> 3358.92
A156: 2B | B156: PLATING & PORTIONING | C156: 71962 | D156: PLT, GARN, PP, DOMCC/INTLWC | E156: 4860 | I156: 0.46 | J156: =G156+H156+I156 -> 0.46 | K156: =J156*E156 -> 2235.6
A157: 2B | B157: PLATING & PORTIONING | C157: 71966 | D157: PLT, ICE CREAM, BP/PC, ALLCOS/ | E157: 7527 | I157: 0.92 | J157: =G157+H157+I157 -> 0.92 | K157: =J157*E157 -> 6924.84
A158: 2B | B158: PLATING & PORTIONING | C158: 71967 | D158: PLT, MISC PP, PP/BP, ALLCOS/ | E158: 6756 | I158: 1.035 | J158: =G158+H158+I158 -> 1.035 | K158: =J158*E158 -> 6992.46
A159: 2B | B159: PLATING & PORTIONING | C159: 71968 | D159: PLT, MISC BP, BP, ALLCOS/ | E159: 8735 | I159: 1.035 | J159: =G159+H159+I159 -> 1.035 | K159: =J159*E159 -> 9040.725
A160: 2C | B160: TRAY SET-UP | C160: 71892 | D160: TSC, TSU PLUS 9 | E160: 6339 | I160: 1.38 | J160: =G160+H160+I160 -> 1.38 | K160: =J160*E160 -> 8747.82
...
